name,email,mobile_no,birthdate,above_18,first_name,last_name,membership_id
Jennifer Vega,Jennifer_Vega@jenkins.net,66551251,19710307,1,Jennifer,Vega,Vega_91945
Aaron Wilson,Aaron_Wilson@burke-benton.net,75053391,19870517,1,Aaron,Wilson,Wilson_6845c
Samuel Lee,Samuel_Lee@gardner-rodriguez.net,57636831,19740902,1,Samuel,Lee,Lee_d3d5c
Jennifer Weaver,Jennifer_Weaver@patterson.com,74152151,19781015,1,Jennifer,Weaver,Weaver_feb81
Timothy Ortega,Timothy_Ortega@ramos.com,59312963,19980104,1,Timothy,Ortega,Ortega_17e39
Leonard Hamilton,Leonard_Hamilton@brown.com,76082775,19880229,1,Leonard,Hamilton,Hamilton_f2276
Kathy Phillips,Kathy_Phillips@floyd.com,57829247,19841216,1,Kathy,Phillips,Phillips_608c9
Danny Simmons,Danny_Simmons@morales.com,26313911,19631013,1,Danny,Simmons,Simmons_cd946
Jennifer Jimenez,Jennifer_Jimenez@morgan.com,59592559,19921121,1,Jennifer,Jimenez,Jimenez_5ed59
Penny Lopez,Penny_Lopez@young-huang.net,99596291,19540925,1,Penny,Lopez,Lopez_7b621
Victoria Lawson,Victoria_Lawson@snyder.com,24045823,19541204,1,Victoria,Lawson,Lawson_c755d
Michael Martinez,Michael_Martinez@hogan.net,40271975,19521107,1,Michael,Martinez,Martinez_bc0fc
Samantha Sullivan,Samantha_Sullivan@cunningham-williams.com,64913455,19600423,1,Samantha,Sullivan,Sullivan_61495
Paul Jones,Paul_Jones@clark-irwin.com,91301999,19940215,1,Paul,Jones,Jones_f903f
Danielle Tran,Danielle_Tran@mann.com,85246679,19880826,1,Danielle,Tran,Tran_40aaa
Marissa Jones,Marissa_Jones@lewis.net,32094119,19580806,1,Marissa,Jones,Jones_cdd9f
Elijah Roy,Elijah_Roy@jones-baldwin.com,57159015,19870705,1,Elijah,Roy,Roy_57ef7
Courtney Simpson,Courtney_Simpson@preston-cantrell.com,77314887,19731103,1,Courtney,Simpson,Simpson_7383f
Kimberly Hopkins,Kimberly_Hopkins@adams.com,67364511,19931022,1,Kimberly,Hopkins,Hopkins_56d12
William King,William_King@cline-allen.com,21561215,19841115,1,William,King,King_4ae33
Stephanie Robertson,Stephanie_Robertson@owen-rodriguez.com,75259367,20020805,1,Stephanie,Robertson,Robertson_c09d4
Rickey Hill,Rickey_Hill@parker-cohen.com,56465207,19640430,1,Rickey,Hill,Hill_bd6cc
Erika Stewart,Erika_Stewart@solis.com,83552695,19851226,1,Erika,Stewart,Stewart_40f40
Gregory Allen,Gregory_Allen@stanley.net,48871907,19780122,1,Gregory,Allen,Allen_c7f06
Christina Johnson,Christina_Johnson@clark.com,30262983,20010622,1,Christina,Johnson,Johnson_5dcd5
Kelli Wells,Kelli_Wells@jones.com,27406215,19540308,1,Kelli,Wells,Wells_5c2c0
Nathan Archer,Nathan_Archer@gray.com,72954367,19560723,1,Nathan,Archer,Archer_c6232
Michael Kline,Michael_Kline@phelps-alvarez.com,20968343,19650623,1,Michael,Kline,Kline_6fe75
Joshua Rodriguez,Joshua_Rodriguez@thornton-benitez.com,27953967,19530317,1,Joshua,Rodriguez,Rodriguez_1eec6
James Rodriguez,James_Rodriguez@logan.com,50981423,19810717,1,James,Rodriguez,Rodriguez_a7ea3
Robert Ortega,Robert_Ortega@perez.com,57040695,19600316,1,Robert,Ortega,Ortega_7f647
Teresa Ruiz,Teresa_Ruiz@holmes.com,22432447,19510904,1,Teresa,Ruiz,Ruiz_e89df
Madison Mejia,Madison_Mejia@sims.com,73824679,19530323,1,Madison,Mejia,Mejia_10b0a
James Bailey,James_Bailey@flynn.net,26146743,19861007,1,James,Bailey,Bailey_b3b3b
Mary Perry,Mary_Perry@williams.net,57879711,19730808,1,Mary,Perry,Perry_e8625
Crystal Jones,Crystal_Jones@webb.com,39588047,19620914,1,Crystal,Jones,Jones_85733
Aaron Brown,Aaron_Brown@yates.com,43815191,19860502,1,Aaron,Brown,Brown_9035e
Brian Contreras,Brian_Contreras@hill.net,89794399,19650708,1,Brian,Contreras,Contreras_91010
Tanya Barajas,Tanya_Barajas@davis.com,92793871,19740430,1,Tanya,Barajas,Barajas_c09f8
Ashley Frost,Ashley_Frost@brown-hill.com,16473423,19521020,1,Ashley,Frost,Frost_ddfa1
Samantha Rasmussen,Samantha_Rasmussen@stokes-leon.com,26634223,19940621,1,Samantha,Rasmussen,Rasmussen_0fcc4
Erica Weber,Erica_Weber@harris-fox.com,20074939,19930809,1,Erica,Weber,Weber_b3165
Amanda Campbell,Amanda_Campbell@parker.com,21954431,19810324,1,Amanda,Campbell,Campbell_fe47b
Vincent Martin,Vincent_Martin@wright-lee.com,55457087,19840124,1,Vincent,Martin,Martin_92713
Tony Crawford,Tony_Crawford@moore.com,15997263,19870818,1,Tony,Crawford,Crawford_a2a35
Randy Sullivan,Randy_Sullivan@perez.net,15665967,19611025,1,Randy,Sullivan,Sullivan_7d828
Kimberly Thompson,Kimberly_Thompson@brewer-walters.net,88531623,20001211,1,Kimberly,Thompson,Thompson_77cc8
William Hopkins,William_Hopkins@snyder.com,12277875,20010104,1,William,Hopkins,Hopkins_cfbfa
Martin Compton,Martin_Compton@morgan.com,42037887,19840602,1,Martin,Compton,Compton_395a9
Anthony Gross,Anthony_Gross@pratt.com,92193723,19660423,1,Anthony,Gross,Gross_9a287
Tracy Brown,Tracy_Brown@joyce.com,26044711,19720823,1,Tracy,Brown,Brown_8baf8
James Stanley,James_Stanley@beltran.com,51351887,20011008,1,James,Stanley,Stanley_a95cd
Norma Jenkins,Norma_Jenkins@larson.com,78071863,19570323,1,Norma,Jenkins,Jenkins_e5537
Leslie Preston,Leslie_Preston@johns.com,71892959,19720510,1,Leslie,Preston,Preston_d0922
Jay Parker,Jay_Parker@fowler.net,57583783,19930930,1,Jay,Parker,Parker_311d6
Lance Williams,Lance_Williams@williams.net,19310567,19730807,1,Lance,Williams,Williams_44d67
Carl Taylor,Carl_Taylor@melendez.com,27075015,19750112,1,Carl,Taylor,Taylor_10cf5
Brenda Dean,Brenda_Dean@allison-hill.com,55037019,19690215,1,Brenda,Dean,Dean_33bcc
Kathleen Allen,Kathleen_Allen@cook.com,38829559,19860113,1,Kathleen,Allen,Allen_b02ca
Patricia Olsen,Patricia_Olsen@haynes-blankenship.com,70673187,19981124,1,Patricia,Olsen,Olsen_98e22
Marie Lamb,Marie_Lamb@hampton.com,26841263,19790410,1,Marie,Lamb,Lamb_5dc6d
Nathan Flores,Nathan_Flores@gibbs.net,86883135,19790409,1,Nathan,Flores,Flores_a43fb
Ashley Caldwell,Ashley_Caldwell@mason-bryant.com,13420663,19880903,1,Ashley,Caldwell,Caldwell_aa013
David Frank,David_Frank@reyes-thomas.com,31192639,19680928,1,David,Frank,Frank_97c93
Renee Martin,Renee_Martin@crawford-walker.com,55803823,19810421,1,Renee,Martin,Martin_caab2
Keith Parker,Keith_Parker@moore.com,40120471,19640826,1,Keith,Parker,Parker_0793e
Ernest Blake,Ernest_Blake@long.com,27155511,19990621,1,Ernest,Blake,Blake_ed155
Melissa Levy,Melissa_Levy@arroyo.com,51842935,19500330,1,Melissa,Levy,Levy_bef91
Brandon Powell,Brandon_Powell@craig-gonzales.net,43375815,19760606,1,Brandon,Powell,Powell_fe4b6
Lisa Holloway,Lisa_Holloway@brown.com,73751431,19720102,1,Lisa,Holloway,Holloway_485d0
Kimberly Stone,Kimberly_Stone@murphy-bryant.com,25323999,19940512,1,Kimberly,Stone,Stone_1d9aa
Adam Jones,Adam_Jones@ashley.com,55082935,19730316,1,Adam,Jones,Jones_575ba
Richard Tucker,Richard_Tucker@murphy.com,53838335,19710625,1,Richard,Tucker,Tucker_0eb60
Elizabeth Andersen,Elizabeth_Andersen@baker.com,69096535,19740123,1,Elizabeth,Andersen,Andersen_61066
Destiny Lutz,Destiny_Lutz@thompson-wright.com,87853607,19940412,1,Destiny,Lutz,Lutz_3427f
Brandy Allen,Brandy_Allen@hardy-griffin.com,92130799,19810113,1,Brandy,Allen,Allen_54dd1
Stephanie Decker,Stephanie_Decker@barrett.net,92626639,19770905,1,Stephanie,Decker,Decker_0c2ca
Michelle Keller,Michelle_Keller@johnson.com,56139711,19510607,1,Michelle,Keller,Keller_80065
Stacey Yates,Stacey_Yates@lewis.com,30115967,19921208,1,Stacey,Yates,Yates_0613f
Sue Lee,Sue_Lee@rojas.com,97367575,19860829,1,Sue,Lee,Lee_f9df7
Anna Long,Anna_Long@coleman.com,52566967,19740316,1,Anna,Long,Long_850ab
Annette Watson,Annette_Watson@brown-brennan.com,67851175,19580423,1,Annette,Watson,Watson_6dc0c
Robert Perez,Robert_Perez@anderson-shaw.net,38876643,19690528,1,Robert,Perez,Perez_6ff11
James Thomas,James_Thomas@torres.net,58718239,19520509,1,James,Thomas,Thomas_6cc50
Kelli Olson,Kelli_Olson@campbell.net,50265023,19960723,1,Kelli,Olson,Olson_50aa7
Becky Reid,Becky_Reid@vargas.net,37025287,19751027,1,Becky,Reid,Reid_1bdd4
Wesley Shaw,Wesley_Shaw@henderson-gibson.com,76819471,19830121,1,Wesley,Shaw,Shaw_afe1c
Pamela Boyd,Pamela_Boyd@freeman.com,25030751,19680628,1,Pamela,Boyd,Boyd_94bd7
Jeremy Lewis,Jeremy_Lewis@murray.com,44159519,19530107,1,Jeremy,Lewis,Lewis_644d9
Jennifer Garza,Jennifer_Garza@herrera-klein.com,31999455,19890603,1,Jennifer,Garza,Garza_be6d1
Larry Wilson,Larry_Wilson@perry.com,56158527,19670221,1,Larry,Wilson,Wilson_0ce7d
Joshua Thompson,Joshua_Thompson@morrow.com,98999803,19840830,1,Joshua,Thompson,Thompson_9e058
Dennis Williams,Dennis_Williams@rivas.com,93993079,19661107,1,Dennis,Williams,Williams_874b3
Karen Morton,Karen_Morton@romero.com,36838791,19910410,1,Karen,Morton,Morton_e4bde
Joseph Perry,Joseph_Perry@tucker.com,16254071,19510616,1,Joseph,Perry,Perry_b530f
Heather Herman,Heather_Herman@williams-lindsey.com,97877423,19710606,1,Heather,Herman,Herman_0ab62
Laura Lopez,Laura_Lopez@rodriguez.com,72627367,19901221,1,Laura,Lopez,Lopez_ea347
Joel Webb,Joel_Webb@solis-swanson.com,37839071,19891009,1,Joel,Webb,Webb_5b693
Donna Malone,Donna_Malone@brown.com,89038207,19521007,1,Donna,Malone,Malone_73ad1
Reginald Barnes,Reginald_Barnes@walker-robinson.com,19884399,19730214,1,Reginald,Barnes,Barnes_f462c
Brett House,Brett_House@rose-clarke.com,98114087,19841126,1,Brett,House,House_3cb13
Robert Weaver,Robert_Weaver@young-leonard.com,39131199,19820218,1,Robert,Weaver,Weaver_201e1
Beth Martinez,Beth_Martinez@johnson.com,87909191,19681225,1,Beth,Martinez,Martinez_204f4
Nicole Small,Nicole_Small@nolan-randall.com,82553335,19570414,1,Nicole,Small,Small_09b68
Anthony Cline,Anthony_Cline@rivera-collier.net,64231171,19890125,1,Anthony,Cline,Cline_d04f7
Spencer Ware,Spencer_Ware@montgomery-lane.com,74599951,19801009,1,Spencer,Ware,Ware_0b5e6
Willie Erickson,Willie_Erickson@bartlett.com,53673855,19910110,1,Willie,Erickson,Erickson_3df9d
Daniel Nguyen,Daniel_Nguyen@mccall.com,37673823,19590903,1,Daniel,Nguyen,Nguyen_6a5e7
Leonard Martinez,Leonard_Martinez@mcbride.com,14452319,19560922,1,Leonard,Martinez,Martinez_7564a
Thomas Forbes,Thomas_Forbes@beck.com,25036935,19591023,1,Thomas,Forbes,Forbes_60d80
Robert Stephens,Robert_Stephens@lopez.com,92784815,20000619,1,Robert,Stephens,Stephens_5a6e3
Kevin Mayo,Kevin_Mayo@pope-jones.com,76234311,19761029,1,Kevin,Mayo,Mayo_d6f2e
Daniel Chen,Daniel_Chen@little.com,46750383,19520716,1,Daniel,Chen,Chen_7d3b1
Samuel Dalton,Samuel_Dalton@marquez.com,75194711,19960916,1,Samuel,Dalton,Dalton_32ce4
Heather Bennett,Heather_Bennett@hamilton-blair.com,64795847,20020105,1,Heather,Bennett,Bennett_dcbc8
Joshua King,Joshua_King@hale.net,99342223,20000106,1,Joshua,King,King_89592
Crystal Blake,Crystal_Blake@parker.com,97878511,19701117,1,Crystal,Blake,Blake_e7660
Heather Combs,Heather_Combs@powell.com,18518647,19590428,1,Heather,Combs,Combs_2d19f
Amanda Evans,Amanda_Evans@cox.com,92559519,19590224,1,Amanda,Evans,Evans_62a52
Sergio Day,Sergio_Day@guzman-garrett.com,27091295,19510531,1,Sergio,Day,Day_69b70
Julie Boyd,Julie_Boyd@white-george.com,47949079,19690906,1,Julie,Boyd,Boyd_9e514
Tara Barnes,Tara_Barnes@shepherd.com,42232079,19540801,1,Tara,Barnes,Barnes_bc727
Logan Watkins,Logan_Watkins@hernandez.com,87081215,20000511,1,Logan,Watkins,Watkins_c9964
Steven Ortiz,Steven_Ortiz@hamilton.com,15073183,19670605,1,Steven,Ortiz,Ortiz_c84c2
Lisa Marquez,Lisa_Marquez@day-smith.com,18443671,19710326,1,Lisa,Marquez,Marquez_7aa36
Sergio Hughes,Sergio_Hughes@cardenas.com,86954943,19810309,1,Sergio,Hughes,Hughes_0c3d2
Destiny Rojas,Destiny_Rojas@stanton.com,27351983,19860121,1,Destiny,Rojas,Rojas_1f285
Danny Lewis,Danny_Lewis@turner.com,41036747,19521225,1,Danny,Lewis,Lewis_07faf
Jennifer Martin,Jennifer_Martin@moore.com,83212175,19830527,1,Jennifer,Martin,Martin_82381
Arthur Chandler,Arthur_Chandler@martin.com,18438007,19610210,1,Arthur,Chandler,Chandler_4ab75
Cheryl Crosby,Cheryl_Crosby@bowman-potter.com,54032091,19580930,1,Cheryl,Crosby,Crosby_9b4b3
Ronald Hudson,Ronald_Hudson@carson.com,66192423,19511003,1,Ronald,Hudson,Hudson_01af1
Jennifer Lee,Jennifer_Lee@guerra-lopez.com,35305031,19500104,1,Jennifer,Lee,Lee_d7999
Gregory Yoder,Gregory_Yoder@robinson-johnson.com,75705319,19530620,1,Gregory,Yoder,Yoder_70108
Carolyn Harmon,Carolyn_Harmon@watts-horn.com,55977599,19980124,1,Carolyn,Harmon,Harmon_69598
Christopher Harrell,Christopher_Harrell@lindsey.com,52999479,19700630,1,Christopher,Harrell,Harrell_7257b
Kevin Johnson,Kevin_Johnson@rogers.com,15154639,19930802,1,Kevin,Johnson,Johnson_a67f3
Michael Harrison,Michael_Harrison@franklin.com,29087871,19510819,1,Michael,Harrison,Harrison_087c8
Terry Moore,Terry_Moore@barker-ayers.com,19828167,19870615,1,Terry,Moore,Moore_c62aa
James Rogers,James_Rogers@green.net,65821255,19930704,1,James,Rogers,Rogers_656af
Kathleen Tran,Kathleen_Tran@wilson.net,20044927,19740211,1,Kathleen,Tran,Tran_b0eca
Jacqueline Conway,Jacqueline_Conway@robinson-carson.com,91842383,19710617,1,Jacqueline,Conway,Conway_ae427
Chad Clark,Chad_Clark@hodges.com,54277383,19610919,1,Chad,Clark,Clark_35061
Maxwell Cole,Maxwell_Cole@larson.com,41796463,19510203,1,Maxwell,Cole,Cole_92aa4
Bethany Williamson,Bethany_Williamson@flores.com,40227935,19540310,1,Bethany,Williamson,Williamson_2b72a
Joseph Wright,Joseph_Wright@powell.net,40768583,19570521,1,Joseph,Wright,Wright_f1b73
Thomas Rogers,Thomas_Rogers@banks-perkins.net,36072875,19970819,1,Thomas,Rogers,Rogers_3818b
Jenny Lewis,Jenny_Lewis@flores.com,62475987,19970706,1,Jenny,Lewis,Lewis_11948
Heidi Bolton,Heidi_Bolton@spencer.com,58079023,19560616,1,Heidi,Bolton,Bolton_06e0a
Daniel Lewis,Daniel_Lewis@robertson.com,48084439,19770205,1,Daniel,Lewis,Lewis_e0082
Dale Ramirez,Dale_Ramirez@patton.com,59875791,19550323,1,Dale,Ramirez,Ramirez_63293
Carol Sharp,Carol_Sharp@garcia-lamb.com,18014567,19750312,1,Carol,Sharp,Sharp_7f0b3
Joseph Buck,Joseph_Buck@jacobs.com,34270063,19520311,1,Joseph,Buck,Buck_542b9
Lynn Anderson,Lynn_Anderson@williams-carter.com,75488911,19960113,1,Lynn,Anderson,Anderson_542fb
Emily Andrews,Emily_Andrews@reyes-singh.com,20594859,19550427,1,Emily,Andrews,Andrews_bbb39
Sarah Harris,Sarah_Harris@thomas-sanchez.com,52442775,20010530,1,Sarah,Harris,Harris_526ca
Victor Owens,Victor_Owens@collins.com,53064383,19960815,1,Victor,Owens,Owens_620f1
Kimberly Koch,Kimberly_Koch@rodriguez.net,35893839,19870125,1,Kimberly,Koch,Koch_43971
Allison Obrien,Allison_Obrien@bailey-sanders.com,81154631,19620423,1,Allison,Obrien,Obrien_00e34
John Rogers,John_Rogers@oneill.com,21046575,19710905,1,John,Rogers,Rogers_160f6
Laura Bailey,Laura_Bailey@snyder.com,56551543,19700811,1,Laura,Bailey,Bailey_13f67
Janet Collins,Janet_Collins@farrell.com,89424095,19840721,1,Janet,Collins,Collins_120bd
Kristin Lawson,Kristin_Lawson@salinas.com,36661711,19760111,1,Kristin,Lawson,Lawson_cbf97
James Castaneda,James_Castaneda@miller-hart.com,64715807,19640126,1,James,Castaneda,Castaneda_7660a
Michael Middleton,Michael_Middleton@williams-zamora.com,85114431,19810804,1,Michael,Middleton,Middleton_02dfc
Robert Ortiz,Robert_Ortiz@saunders-hunter.com,80296223,19761108,1,Robert,Ortiz,Ortiz_66abd
Connie Harper,Connie_Harper@lewis.com,21369119,19950627,1,Connie,Harper,Harper_709ac
Debbie Burns,Debbie_Burns@salinas.com,95570935,19830806,1,Debbie,Burns,Burns_f2b3a
Gabriel Preston,Gabriel_Preston@black.com,88336263,19961120,1,Gabriel,Preston,Preston_b6298
Steven Hodges,Steven_Hodges@sanchez-phillips.com,65795715,19510903,1,Steven,Hodges,Hodges_0c95a
Brandon Orozco,Brandon_Orozco@greene.com,59988495,19870717,1,Brandon,Orozco,Orozco_02d2b
Kari Nguyen,Kari_Nguyen@farley.com,47980591,19991119,1,Kari,Nguyen,Nguyen_6f546
Brittany Hill,Brittany_Hill@rogers-hoffman.com,90817791,19870605,1,Brittany,Hill,Hill_2c87a
Carrie Martinez,Carrie_Martinez@hendrix.com,96107743,19740124,1,Carrie,Martinez,Martinez_a7c33
Jeffery Hill,Jeffery_Hill@cook-lloyd.com,26071551,19591223,1,Jeffery,Hill,Hill_e24f9
Linda White,Linda_White@moore.com,84876711,19751015,1,Linda,White,White_e9960
Jake Spencer,Jake_Spencer@murphy.com,53533879,20020509,1,Jake,Spencer,Spencer_c21d7
Joseph Chan,Joseph_Chan@hutchinson-gutierrez.com,19544079,19660922,1,Joseph,Chan,Chan_f9d1e
Sara Dominguez,Sara_Dominguez@delgado.com,69114407,19860220,1,Sara,Dominguez,Dominguez_40133
Kathleen Ali,Kathleen_Ali@horn-rogers.com,45338687,19960602,1,Kathleen,Ali,Ali_a2746
Danielle Stephens,Danielle_Stephens@miller.net,16838823,19610929,1,Danielle,Stephens,Stephens_baaae
Ann Wolf,Ann_Wolf@wilkins.com,26916187,19801112,1,Ann,Wolf,Wolf_dbc29
Brianna Schaefer,Brianna_Schaefer@nelson-mcmahon.com,34700887,19761203,1,Brianna,Schaefer,Schaefer_ac7f3
Angela Morris,Angela_Morris@murray.com,89409391,19760702,1,Angela,Morris,Morris_9ba0c
Cristian Kelley,Cristian_Kelley@taylor-colon.net,22272647,19510108,1,Cristian,Kelley,Kelley_f3101
Jeffrey Turner,Jeffrey_Turner@robinson.com,30152387,19840112,1,Jeffrey,Turner,Turner_a2281
Jesse Perry,Jesse_Perry@marsh.net,45471479,19691013,1,Jesse,Perry,Perry_1c3c6
Ricardo Cruz,Ricardo_Cruz@salazar-manning.com,83436279,19780205,1,Ricardo,Cruz,Cruz_7bf56
Jessica Smith,Jessica_Smith@walsh-steele.com,97984639,19510531,1,Jessica,Smith,Smith_69b70
Brenda Long,Brenda_Long@carter.net,45992583,19510914,1,Brenda,Long,Long_f0fca
Megan Taylor,Megan_Taylor@montgomery.com,12610975,19930510,1,Megan,Taylor,Taylor_757b6
Kelly Morales,Kelly_Morales@sanchez.com,44799815,19800227,1,Kelly,Morales,Morales_3cabc
Sheri Johnson,Sheri_Johnson@lucas.com,34118127,19880422,1,Sheri,Johnson,Johnson_5c594
Lori Pacheco,Lori_Pacheco@ayala.com,94662495,19620630,1,Lori,Pacheco,Pacheco_7ccf5
Sandra Schmidt,Sandra_Schmidt@herrera.com,50638143,19590711,1,Sandra,Schmidt,Schmidt_be25c
Rachel Hill,Rachel_Hill@gutierrez.com,55824367,19541202,1,Rachel,Hill,Hill_2b641
Emily Case,Emily_Case@lewis.com,90216215,19850508,1,Emily,Case,Case_1fe51
Seth Alvarez,Seth_Alvarez@conrad.com,90929927,19800108,1,Seth,Alvarez,Alvarez_af321
Jose Reyes,Jose_Reyes@garcia.com,94563263,19700929,1,Jose,Reyes,Reyes_0a636
Zachary Le,Zachary_Le@whitaker.com,56441999,19851028,1,Zachary,Le,Le_44e84
Rhonda Anthony,Rhonda_Anthony@lawson.com,12850551,19740915,1,Rhonda,Anthony,Anthony_91ec3
Joseph Hill,Joseph_Hill@rodriguez-newton.com,89902687,20020923,1,Joseph,Hill,Hill_0d4d9
Erin Davis,Erin_Davis@sanchez.net,22992863,19600917,1,Erin,Davis,Davis_dbcb2
Lucas Brown,Lucas_Brown@miller.com,34675679,19891101,1,Lucas,Brown,Brown_1ebf8
William Garcia,William_Garcia@powell.com,25729991,19850912,1,William,Garcia,Garcia_72e9b
Lauren Swanson,Lauren_Swanson@pena-pierce.com,85204407,19610921,1,Lauren,Swanson,Swanson_b3ea5
John Frank,John_Frank@martin.com,42691023,19500519,1,John,Frank,Frank_4dfb9
Tony Perry,Tony_Perry@lewis-holland.com,11231827,19730910,1,Tony,Perry,Perry_d9da1
Nicole Schmidt,Nicole_Schmidt@stephens.com,86157423,19651109,1,Nicole,Schmidt,Schmidt_54bf2
Nathan Gray,Nathan_Gray@scott-gonzalez.com,48983767,19960618,1,Nathan,Gray,Gray_15cd6
Nichole Delgado,Nichole_Delgado@dixon-cruz.com,60338223,19720305,1,Nichole,Delgado,Delgado_f68ba
Raven Ford,Raven_Ford@mcdowell.com,13519207,19960213,1,Raven,Ford,Ford_36701
Marcus Rodriguez,Marcus_Rodriguez@jones.com,23424599,19690511,1,Marcus,Rodriguez,Rodriguez_3a35b
Daniel Grimes,Daniel_Grimes@keith.com,61518103,19821126,1,Daniel,Grimes,Grimes_2efc5
Samuel Solomon,Samuel_Solomon@wolf.net,26166751,19871230,1,Samuel,Solomon,Solomon_23bae
Katrina Miller,Katrina_Miller@grimes.com,81240247,19540308,1,Katrina,Miller,Miller_5c2c0
Raymond Conner,Raymond_Conner@oneal-johnson.com,95736583,19970128,1,Raymond,Conner,Conner_71970
Cory Garcia,Cory_Garcia@evans-benson.com,86555943,19550202,1,Cory,Garcia,Garcia_14ae7
Lori Fuller,Lori_Fuller@gordon.com,54288255,19680101,1,Lori,Fuller,Fuller_9068b
Corey Wilson,Corey_Wilson@hoover-hernandez.com,39467535,19531011,1,Corey,Wilson,Wilson_da57e
Denise Dominguez,Denise_Dominguez@long.com,28235547,19660628,1,Denise,Dominguez,Dominguez_db12a
Holly James,Holly_James@macdonald.com,62732175,19641104,1,Holly,James,James_e7a3a
Alicia Mccarty,Alicia_Mccarty@beasley.com,57669519,19820916,1,Alicia,Mccarty,Mccarty_a4b9d
Zoe Christian,Zoe_Christian@grant.com,22170983,19990319,1,Zoe,Christian,Christian_90eb3
Nicholas Watson,Nicholas_Watson@williams.com,72181751,19620403,1,Nicholas,Watson,Watson_61db6
Shirley Ruiz,Shirley_Ruiz@house-gay.com,23759691,19720812,1,Shirley,Ruiz,Ruiz_956d3
Victoria Wood,Victoria_Wood@proctor-baker.com,13955959,19910622,1,Victoria,Wood,Wood_67f27
Jillian Knight,Jillian_Knight@davenport.com,20417711,19881108,1,Jillian,Knight,Knight_10192
Ryan Fisher,Ryan_Fisher@fletcher.com,63505855,19871030,1,Ryan,Fisher,Fisher_27703
Stephanie Howe,Stephanie_Howe@allen.com,37283343,19630905,1,Stephanie,Howe,Howe_a7c94
Kenneth Kim,Kenneth_Kim@duran.com,37818767,19990505,1,Kenneth,Kim,Kim_c0e4a
Andrew Macias,Andrew_Macias@douglas.com,28232535,19661013,1,Andrew,Macias,Macias_a4116
Lisa Jackson,Lisa_Jackson@morton-lowe.com,82393203,19730114,1,Lisa,Jackson,Jackson_89ce6
Elizabeth Huffman,Elizabeth_Huffman@zamora.com,15486151,19580918,1,Elizabeth,Huffman,Huffman_fb25a
Christina Stone,Christina_Stone@medina.com,34449775,19930320,1,Christina,Stone,Stone_9ab9f
Miranda Mata,Miranda_Mata@martin.com,61632395,19930124,1,Miranda,Mata,Mata_53cfc
Alexander Merritt,Alexander_Merritt@butler.net,33574735,19800913,1,Alexander,Merritt,Merritt_696fd
Austin Alexander,Austin_Alexander@ortiz.com,12638703,19950418,1,Austin,Alexander,Alexander_12438
Kelly Sanders,Kelly_Sanders@coleman.com,29703695,19520413,1,Kelly,Sanders,Sanders_e9c2f
Matthew Jones,Matthew_Jones@arnold.com,98616991,20000615,1,Matthew,Jones,Jones_fae51
Donna Juarez,Donna_Juarez@sanders-briggs.com,60313867,19550612,1,Donna,Juarez,Juarez_ab899
Sarah David,Sarah_David@collier.net,97218247,19981216,1,Sarah,David,David_39e9f
Carmen Barajas,Carmen_Barajas@smith.com,34685455,19810526,1,Carmen,Barajas,Barajas_62836
Angela Johnson,Angela_Johnson@stewart.com,62439103,19840827,1,Angela,Johnson,Johnson_5dcba
Melissa Sparks,Melissa_Sparks@sanchez-stevenson.com,27530863,19930802,1,Melissa,Sparks,Sparks_a67f3
Rebecca Serrano,Rebecca_Serrano@martin.com,48396631,19650726,1,Rebecca,Serrano,Serrano_c59d5
Katherine Hill,Katherine_Hill@tran.com,37709951,19830918,1,Katherine,Hill,Hill_e971e
Kristin Hart,Kristin_Hart@ortega.com,36255543,19661217,1,Kristin,Hart,Hart_3b264
Jacqueline Ho,Jacqueline_Ho@henry.com,75359367,19610131,1,Jacqueline,Ho,Ho_73551
Tyler Rodriguez,Tyler_Rodriguez@nelson.com,38316039,19691123,1,Tyler,Rodriguez,Rodriguez_c3743
Michael Knight,Michael_Knight@davidson.com,71412263,19870408,1,Michael,Knight,Knight_e66ab
Heather Arroyo,Heather_Arroyo@martinez.com,36165719,19790709,1,Heather,Arroyo,Arroyo_44022
Lori Larson,Lori_Larson@flowers.com,38397103,19630807,1,Lori,Larson,Larson_06714
Lindsay Lopez,Lindsay_Lopez@foster.net,62519943,19820123,1,Lindsay,Lopez,Lopez_b6ee8
David Vazquez,David_Vazquez@davila-beck.com,57160871,19900612,1,David,Vazquez,Vazquez_13d09
Karen Salazar,Karen_Salazar@wu-cohen.com,89394439,19950502,1,Karen,Salazar,Salazar_cf1ae
Sherry Hicks,Sherry_Hicks@stout-nicholson.com,12514111,19611127,1,Sherry,Hicks,Hicks_5e5f2
Sarah Davila,Sarah_Davila@nash.com,46685303,19790906,1,Sarah,Davila,Davila_1977b
Karen Oneill,Karen_Oneill@gomez.com,72265879,19921004,1,Karen,Oneill,Oneill_7278c
Nicholas Mills,Nicholas_Mills@williams.com,68844231,19631001,1,Nicholas,Mills,Mills_f511a
Jennifer Montgomery,Jennifer_Montgomery@estrada-cole.com,53834071,19710715,1,Jennifer,Montgomery,Montgomery_1a334
Cynthia Bailey,Cynthia_Bailey@oneill.com,48942719,19790825,1,Cynthia,Bailey,Bailey_13beb
John Wright,John_Wright@harris.com,96650335,19831019,1,John,Wright,Wright_fefcf
Kelsey Miller,Kelsey_Miller@anderson-green.com,45676055,19781107,1,Kelsey,Miller,Miller_d6676
Sheila Brown,Sheila_Brown@stevens-edwards.com,32490999,19821128,1,Sheila,Brown,Brown_565a7
Lisa Moore,Lisa_Moore@ramos.com,99493567,19941119,1,Lisa,Moore,Moore_a6529
Brianna Haynes,Brianna_Haynes@garcia.com,12153303,19980401,1,Brianna,Haynes,Haynes_dd4da
Julian Newman,Julian_Newman@haynes.com,49873159,19580313,1,Julian,Newman,Newman_15a27
Thomas Ferguson,Thomas_Ferguson@guzman.com,28787319,19591213,1,Thomas,Ferguson,Ferguson_fb458
David Swanson,David_Swanson@gregory.com,16753799,20021220,1,David,Swanson,Swanson_0be9c
Kathryn Dyer,Kathryn_Dyer@walker.com,57873103,19591210,1,Kathryn,Dyer,Dyer_7b5ce
Lauren Rodriguez,Lauren_Rodriguez@soto.com,27106623,19931016,1,Lauren,Rodriguez,Rodriguez_a9b99
Jeffrey Rodriguez,Jeffrey_Rodriguez@trujillo.com,56472143,19900331,1,Jeffrey,Rodriguez,Rodriguez_f1303
Richard Anderson,Richard_Anderson@white.com,66751511,19580607,1,Richard,Anderson,Anderson_7118f
Andrea Huynh,Andrea_Huynh@dixon-smith.com,26799851,19890929,1,Andrea,Huynh,Huynh_1735e
Brian Allen,Brian_Allen@conway.com,93233303,19560101,1,Brian,Allen,Allen_013af
Jacqueline Peck,Jacqueline_Peck@smith-miller.com,60512219,19590210,1,Jacqueline,Peck,Peck_723a2
Jessica Lee,Jessica_Lee@brown-baxter.com,89410823,19670124,1,Jessica,Lee,Lee_7f12f
Martin Allen,Martin_Allen@steele.com,99969439,20020924,1,Martin,Allen,Allen_7a4f2
Jason Mcdaniel,Jason_Mcdaniel@wood.com,68591887,19650403,1,Jason,Mcdaniel,Mcdaniel_50061
Angela Mitchell,Angela_Mitchell@moreno-evans.com,50190223,19690105,1,Angela,Mitchell,Mitchell_06d3f
Derrick Sanchez,Derrick_Sanchez@mitchell.com,97980535,19700424,1,Derrick,Sanchez,Sanchez_9f266
Christine Ellis,Christine_Ellis@blackwell.com,69393823,19980617,1,Christine,Ellis,Ellis_b9ff0
Alyssa Salinas,Alyssa_Salinas@robbins.com,41363847,19980710,1,Alyssa,Salinas,Salinas_8ad1c
Kevin Walsh,Kevin_Walsh@hamilton.net,63251375,19920805,1,Kevin,Walsh,Walsh_8cd29
Stuart Daniels,Stuart_Daniels@castro.com,38551603,20020317,1,Stuart,Daniels,Daniels_c934d
Kenneth Knox,Kenneth_Knox@zamora.com,47904991,19990626,1,Kenneth,Knox,Knox_d64ed
Steve Mitchell,Steve_Mitchell@adkins-russell.com,98789479,19751027,1,Steve,Mitchell,Mitchell_1bdd4
Craig Hendricks,Craig_Hendricks@garcia-higgins.com,51721063,19951018,1,Craig,Hendricks,Hendricks_a352c
Ricky Kerr,Ricky_Kerr@gonzalez-martinez.com,43238807,19510625,1,Ricky,Kerr,Kerr_a02d8
Gloria Aguilar,Gloria_Aguilar@dorsey-donaldson.com,69773231,19690606,1,Gloria,Aguilar,Aguilar_d3661
Gerald Hall,Gerald_Hall@kim-chapman.com,53954823,19711007,1,Gerald,Hall,Hall_0bc14
Alexander Knight,Alexander_Knight@doyle.com,41639975,19740812,1,Alexander,Knight,Knight_7e064
Joseph Cross,Joseph_Cross@mason-shaw.net,35750023,19530126,1,Joseph,Cross,Cross_36c08
Joel Myers,Joel_Myers@smith-willis.net,49665991,19720920,1,Joel,Myers,Myers_1466d
Michael Mckee,Michael_Mckee@gordon.com,87409327,20000917,1,Michael,Mckee,Mckee_92c0e
Roy Park,Roy_Park@rodriguez-west.com,69451423,19551029,1,Roy,Park,Park_a639e
Jonathan Castro,Jonathan_Castro@sandoval.com,95059239,19700409,1,Jonathan,Castro,Castro_49d90
Richard Carroll,Richard_Carroll@massey-gardner.com,61422551,19610526,1,Richard,Carroll,Carroll_78391
Michelle Fletcher,Michelle_Fletcher@anderson.com,15665159,19831024,1,Michelle,Fletcher,Fletcher_e6fff
Carol Murphy,Carol_Murphy@lowe.com,54241135,19640317,1,Carol,Murphy,Murphy_ecd95
Michael Russell,Michael_Russell@orozco.com,24280095,19680308,1,Michael,Russell,Russell_203e4
Shawna Andrews,Shawna_Andrews@freeman.com,12022295,19981115,1,Shawna,Andrews,Andrews_776f9
Dana Hernandez,Dana_Hernandez@jackson.com,50236391,19940126,1,Dana,Hernandez,Hernandez_3d7b1
Lauren Harris,Lauren_Harris@long.com,42605007,19780811,1,Lauren,Harris,Harris_e20bd
Andrea Dennis,Andrea_Dennis@smith-goodman.com,17153399,19570926,1,Andrea,Dennis,Dennis_14df3
John Mendoza,John_Mendoza@mahoney.com,85845135,19850519,1,John,Mendoza,Mendoza_fa60d
Jeremy Krueger,Jeremy_Krueger@haley.com,37358751,19830715,1,Jeremy,Krueger,Krueger_b37c9
Wendy Smith,Wendy_Smith@smith-webb.com,60349279,19700128,1,Wendy,Smith,Smith_85c0b
Leslie Diaz,Leslie_Diaz@thomas-shelton.com,57506727,19570430,1,Leslie,Diaz,Diaz_0bd1d
Grant Snyder,Grant_Snyder@gonzales.com,23872143,19731031,1,Grant,Snyder,Snyder_d3f05
Brandi Jenkins,Brandi_Jenkins@miller.com,79308567,19651228,1,Brandi,Jenkins,Jenkins_27fe6
Amy Haynes,Amy_Haynes@levy.com,41563455,19600314,1,Amy,Haynes,Haynes_18bc2
John Roberts,John_Roberts@hendricks.com,16513279,19540315,1,John,Roberts,Roberts_d606a
Carrie Nelson,Carrie_Nelson@archer-murphy.com,49242255,19510609,1,Carrie,Nelson,Nelson_fde1d
Jacob Hood,Jacob_Hood@evans.com,24204143,19560208,1,Jacob,Hood,Hood_bb6b9
Tracy Charles,Tracy_Charles@rowe.com,62200511,19931108,1,Tracy,Charles,Charles_02485
Heather Miller,Heather_Miller@taylor.net,37035727,19530128,1,Heather,Miller,Miller_28ba0
Brandon Johnson,Brandon_Johnson@ramirez.com,60862935,19851003,1,Brandon,Johnson,Johnson_8eba4
Kevin Cook,Kevin_Cook@cox-stewart.com,71239915,19780913,1,Kevin,Cook,Cook_a5121
Derrick Lane,Derrick_Lane@yates.com,65837219,19890916,1,Derrick,Lane,Lane_24958
Wendy Nelson,Wendy_Nelson@day.com,59119063,19650108,1,Wendy,Nelson,Nelson_f7fc3
Jasmine Ramsey,Jasmine_Ramsey@jackson.com,16447279,19500407,1,Jasmine,Ramsey,Ramsey_843ef
William Beltran,William_Beltran@bean.com,16495975,19850313,1,William,Beltran,Beltran_b42ac
Albert Jefferson,Albert_Jefferson@diaz-bailey.com,32919607,19841117,1,Albert,Jefferson,Jefferson_84127
Jessica Ferguson,Jessica_Ferguson@young.com,78033235,19670129,1,Jessica,Ferguson,Ferguson_8004f
Gerald Stuart,Gerald_Stuart@strong.net,98421991,19950810,1,Gerald,Stuart,Stuart_42d02
Jacob Vaughan,Jacob_Vaughan@martinez.com,69615007,19830908,1,Jacob,Vaughan,Vaughan_40056
Matthew Fuentes,Matthew_Fuentes@miranda.com,33411447,19660329,1,Matthew,Fuentes,Fuentes_0598c
April Carpenter,April_Carpenter@page.com,97274415,19710929,1,April,Carpenter,Carpenter_4acee
Rachel Garcia,Rachel_Garcia@neal.com,87786127,19961021,1,Rachel,Garcia,Garcia_d383b
Patrick Madden,Patrick_Madden@sanders.com,35389647,19941101,1,Patrick,Madden,Madden_d8100
Angela Myers,Angela_Myers@rodriguez.com,59457063,19740126,1,Angela,Myers,Myers_96365
Wayne Baker,Wayne_Baker@brown.com,92067207,19671227,1,Wayne,Baker,Baker_726e6
Haley Cox,Haley_Cox@lewis.com,27911351,19641001,1,Haley,Cox,Cox_c2d50
Dan Sanders,Dan_Sanders@klein-hernandez.com,30043759,19500813,1,Dan,Sanders,Sanders_65a5d
Timothy Boyle,Timothy_Boyle@roach.net,49033195,19840608,1,Timothy,Boyle,Boyle_7540a
Thomas Fisher,Thomas_Fisher@phillips.com,99090999,19850415,1,Thomas,Fisher,Fisher_cd40a
Taylor Lopez,Taylor_Lopez@jones-salazar.com,17889439,19570522,1,Taylor,Lopez,Lopez_d2a7d
Cynthia Ortiz,Cynthia_Ortiz@mathis.com,91591279,19590706,1,Cynthia,Ortiz,Ortiz_fed1f
Jeffrey Macias,Jeffrey_Macias@cox.com,98485783,19900310,1,Jeffrey,Macias,Macias_76606
Brian Drake,Brian_Drake@hurst-price.net,83466007,19621102,1,Brian,Drake,Drake_1697c
Anna Austin,Anna_Austin@mcguire.com,83758091,19991122,1,Anna,Austin,Austin_69ddb
Joel Clark,Joel_Clark@mcclain.com,65159231,19580712,1,Joel,Clark,Clark_b1291
Deborah Olson,Deborah_Olson@greene.com,92118339,19570805,1,Deborah,Olson,Olson_4c0a6
Michael Love,Michael_Love@rodriguez-martinez.net,41033095,20020321,1,Michael,Love,Love_01195
Timothy Jordan,Timothy_Jordan@young.com,77411263,19991228,1,Timothy,Jordan,Jordan_26d57
Kathy Leblanc,Kathy_Leblanc@warren-gray.com,69067343,19810227,1,Kathy,Leblanc,Leblanc_25e89
William Floyd,William_Floyd@duran.com,27758191,19720713,1,William,Floyd,Floyd_ee7c0
Angela Hayden,Angela_Hayden@barry.net,28574351,19960623,1,Angela,Hayden,Hayden_44dbe
Renee Hodges,Renee_Hodges@hamilton.com,63899519,19871228,1,Renee,Hodges,Hodges_c3205
Samantha Miller,Samantha_Miller@mcmahon.com,41451647,19650406,1,Samantha,Miller,Miller_b1a7b
Lauren Orozco,Lauren_Orozco@sanchez.com,71540231,20000126,1,Lauren,Orozco,Orozco_32e5d
Destiny Johns,Destiny_Johns@hayes.com,89233575,19731201,1,Destiny,Johns,Johns_bd350
Jennifer Davis,Jennifer_Davis@nguyen.com,72513603,19931018,1,Jennifer,Davis,Davis_d9ba6
April Owen,April_Owen@sanchez.com,16552967,19670923,1,April,Owen,Owen_1c1c8
Evan Russell,Evan_Russell@ferguson.net,75209343,19590120,1,Evan,Russell,Russell_eeae9
Jordan Cruz,Jordan_Cruz@clark-dickerson.com,42355435,19580323,1,Jordan,Cruz,Cruz_a019e
Brent Castaneda,Brent_Castaneda@garcia.com,80875871,19580307,1,Brent,Castaneda,Castaneda_1e9a5
Gregory Peters,Gregory_Peters@ray.net,78256247,19900902,1,Gregory,Peters,Peters_62c2d
Jason Malone,Jason_Malone@allen.com,47278299,19550503,1,Jason,Malone,Malone_82057
Matthew Salazar,Matthew_Salazar@jones-jones.com,50895327,19991211,1,Matthew,Salazar,Salazar_8a391
Martin Morris,Martin_Morris@garcia.com,47193651,19930810,1,Martin,Morris,Morris_ed007
Natasha Martinez,Natasha_Martinez@west.com,55194439,19680418,1,Natasha,Martinez,Martinez_fa7cb
Charles Powell,Charles_Powell@knight.com,47215879,19970906,1,Charles,Powell,Powell_89e26
Brian Powell,Brian_Powell@hernandez.com,67153775,19591115,1,Brian,Powell,Powell_c3379
Laura Sandoval,Laura_Sandoval@brown.com,17475623,19860913,1,Laura,Sandoval,Sandoval_6592d
Charles Gonzalez,Charles_Gonzalez@navarro.com,94465511,19710404,1,Charles,Gonzalez,Gonzalez_bc4a4
Nicholas Caldwell,Nicholas_Caldwell@hurley-bass.com,42525999,19770714,1,Nicholas,Caldwell,Caldwell_92d76
Brian Wyatt,Brian_Wyatt@wright-young.com,63631399,19581211,1,Brian,Wyatt,Wyatt_ac546
Ryan Garcia,Ryan_Garcia@vazquez-wells.com,26856535,19930815,1,Ryan,Garcia,Garcia_a540e
Megan Anderson,Megan_Anderson@wilson-murillo.com,21736903,19700729,1,Megan,Anderson,Anderson_a86c0
Pamela Hughes,Pamela_Hughes@charles-costa.com,40181295,19870613,1,Pamela,Hughes,Hughes_5403f
Tiffany Scott,Tiffany_Scott@davis.com,76272207,19861110,1,Tiffany,Scott,Scott_af31d
Stanley Conway,Stanley_Conway@adams.com,71853567,19850905,1,Stanley,Conway,Conway_b17c3
Yolanda Petty,Yolanda_Petty@dunlap-brown.com,69674519,19910125,1,Yolanda,Petty,Petty_89b4f
Emily Oneal,Emily_Oneal@gutierrez.com,49152079,19580118,1,Emily,Oneal,Oneal_1a34f
Tara Jones,Tara_Jones@blankenship.net,49275455,19850303,1,Tara,Jones,Jones_7290c
Christine Cohen,Christine_Cohen@rich-bell.com,80232231,19940621,1,Christine,Cohen,Cohen_0fcc4
Daniel Gutierrez,Daniel_Gutierrez@santana-bryan.com,93799931,19571103,1,Daniel,Gutierrez,Gutierrez_8e2f3
George Williams,George_Williams@patton.com,69991287,19810319,1,George,Williams,Williams_c20d3
Lori Allen,Lori_Allen@valdez-phillips.com,28175727,20020916,1,Lori,Allen,Allen_8c000
Charles Kelly,Charles_Kelly@dalton.com,62777351,19690401,1,Charles,Kelly,Kelly_0c61d
Jonathan Villa,Jonathan_Villa@suarez.com,80471287,19751203,1,Jonathan,Villa,Villa_19bdd
Cindy Jackson,Cindy_Jackson@garcia-burch.com,60954247,19670727,1,Cindy,Jackson,Jackson_40b1b
Scott Williams,Scott_Williams@keller-wong.com,85799255,19800308,1,Scott,Williams,Williams_10ae3
Dylan Hernandez,Dylan_Hernandez@singleton-johnson.com,31405951,19950301,1,Dylan,Hernandez,Hernandez_04544
Michelle Garcia,Michelle_Garcia@lynch.com,52895823,19801017,1,Michelle,Garcia,Garcia_6967c
Matthew Bailey,Matthew_Bailey@benjamin.com,39436023,19870728,1,Matthew,Bailey,Bailey_255ab
Kristin Edwards,Kristin_Edwards@short.com,22435107,19820603,1,Kristin,Edwards,Edwards_e7bbf
Kristen Kirk,Kristen_Kirk@ayers.com,97993751,19590823,1,Kristen,Kirk,Kirk_079a3
Ruth Carrillo,Ruth_Carrillo@paul.com,43751451,19790905,1,Ruth,Carrillo,Carrillo_d036e
Jacob Stephenson,Jacob_Stephenson@larson-stevenson.net,75359427,19541111,1,Jacob,Stephenson,Stephenson_dd890
Curtis Flynn,Curtis_Flynn@cook-drake.com,58787463,19780926,1,Curtis,Flynn,Flynn_066c3
Thomas Perez,Thomas_Perez@greene-lopez.com,96377439,19630220,1,Thomas,Perez,Perez_7a5c3
Sheri Kline,Sheri_Kline@hinton.com,33546343,19940609,1,Sheri,Kline,Kline_e724e
Jeff Baker,Jeff_Baker@bentley.com,57871767,19670424,1,Jeff,Baker,Baker_4cd37
William Powell,William_Powell@harrell.com,71832243,19670721,1,William,Powell,Powell_d1cfb
Shannon Thomas,Shannon_Thomas@dawson-alexander.com,18892279,19680903,1,Shannon,Thomas,Thomas_2a3b9
Jeffrey Murray,Jeffrey_Murray@jones.net,27473887,19821221,1,Jeffrey,Murray,Murray_8d3f7
Carla Jackson,Carla_Jackson@morris.com,44275151,19940715,1,Carla,Jackson,Jackson_5ae26
Kristin Wagner,Kristin_Wagner@clayton.com,66045343,19970129,1,Kristin,Wagner,Wagner_83f4e
Kathleen Rodriguez,Kathleen_Rodriguez@frost-james.com,65397891,19671005,1,Kathleen,Rodriguez,Rodriguez_3b414
Nicole Shea,Nicole_Shea@mcclure.com,28795599,19560102,1,Nicole,Shea,Shea_abeb3
